run_accession	sample_accession	experiment_accession	study_accession	tax_id	scientific_name	fastq_ftp	submitted_ftp	sra_ftp	sample_alias	sample_title	bam_ftp
SRR7641541	SAMN09755518	SRX4505106	PRJNA483560	10090	Mus musculus	ftp.sra.ebi.ac.uk/vol1/fastq/SRR764/001/SRR7641541/SRR7641541_1.fastq.gz;ftp.sra.ebi.ac.uk/vol1/fastq/SRR764/001/SRR7641541/SRR7641541_2.fastq.gz		ftp.sra.ebi.ac.uk/vol1/srr/SRR764/001/SRR7641541	TLA-4807	3XTg-AD	
SRR7641543	SAMN09755519	SRX4505104	PRJNA483560	10090	Mus musculus	ftp.sra.ebi.ac.uk/vol1/fastq/SRR764/003/SRR7641543/SRR7641543_1.fastq.gz;ftp.sra.ebi.ac.uk/vol1/fastq/SRR764/003/SRR7641543/SRR7641543_2.fastq.gz		ftp.sra.ebi.ac.uk/vol1/srr/SRR764/003/SRR7641543	TLA-4919	CAG-FCGRT	
SRR7641544	SAMN09755518	SRX4505103	PRJNA483560	10090	Mus musculus	ftp.sra.ebi.ac.uk/vol1/fastq/SRR764/004/SRR7641544/SRR7641544_1.fastq.gz;ftp.sra.ebi.ac.uk/vol1/fastq/SRR764/004/SRR7641544/SRR7641544_2.fastq.gz		ftp.sra.ebi.ac.uk/vol1/srr/SRR764/004/SRR7641544	TLA-4807	3XTg-AD	
SRR7641546	SAMN09755520	SRX4505101	PRJNA483560	10090	Mus musculus	ftp.sra.ebi.ac.uk/vol1/fastq/SRR764/006/SRR7641546/SRR7641546_1.fastq.gz;ftp.sra.ebi.ac.uk/vol1/fastq/SRR764/006/SRR7641546/SRR7641546_2.fastq.gz		ftp.sra.ebi.ac.uk/vol1/srr/SRR764/006/SRR7641546	TLA-5491	MAPT	
SRR7641548	SAMN09755529	SRX4505099	PRJNA483560	10090	Mus musculus	ftp.sra.ebi.ac.uk/vol1/fastq/SRR764/008/SRR7641548/SRR7641548_1.fastq.gz;ftp.sra.ebi.ac.uk/vol1/fastq/SRR764/008/SRR7641548/SRR7641548_2.fastq.gz		ftp.sra.ebi.ac.uk/vol1/srr/SRR764/008/SRR7641548	TLA-8538	Cspg4-cre/Esr1	
SRR7641549	SAMN09755529	SRX4505098	PRJNA483560	10090	Mus musculus	ftp.sra.ebi.ac.uk/vol1/fastq/SRR764/009/SRR7641549/SRR7641549_1.fastq.gz;ftp.sra.ebi.ac.uk/vol1/fastq/SRR764/009/SRR7641549/SRR7641549_2.fastq.gz		ftp.sra.ebi.ac.uk/vol1/srr/SRR764/009/SRR7641549	TLA-8538	Cspg4-cre/Esr1	
SRR7641553	SAMN09755530	SRX4505094	PRJNA483560	10090	Mus musculus	ftp.sra.ebi.ac.uk/vol1/fastq/SRR764/003/SRR7641553/SRR7641553_1.fastq.gz;ftp.sra.ebi.ac.uk/vol1/fastq/SRR764/003/SRR7641553/SRR7641553_2.fastq.gz		ftp.sra.ebi.ac.uk/vol1/srr/SRR764/003/SRR7641553	TLA-8586	FXN*500GAA	
SRR7641557	SAMN09755545	SRX4505090	PRJNA483560	10090	Mus musculus	ftp.sra.ebi.ac.uk/vol1/fastq/SRR764/007/SRR7641557/SRR7641557_1.fastq.gz;ftp.sra.ebi.ac.uk/vol1/fastq/SRR764/007/SRR7641557/SRR7641557_2.fastq.gz		ftp.sra.ebi.ac.uk/vol1/srr/SRR764/007/SRR7641557	TLA-18785	LRRK2*G2019S	
SRR7641558	SAMN09755545	SRX4505089	PRJNA483560	10090	Mus musculus	ftp.sra.ebi.ac.uk/vol1/fastq/SRR764/008/SRR7641558/SRR7641558_1.fastq.gz;ftp.sra.ebi.ac.uk/vol1/fastq/SRR764/008/SRR7641558/SRR7641558_2.fastq.gz		ftp.sra.ebi.ac.uk/vol1/srr/SRR764/008/SRR7641558	TLA-18785	LRRK2*G2019S	
SRR7641561	SAMN09755511	SRX4505086	PRJNA483560	10090	Mus musculus	ftp.sra.ebi.ac.uk/vol1/fastq/SRR764/001/SRR7641561/SRR7641561_1.fastq.gz;ftp.sra.ebi.ac.uk/vol1/fastq/SRR764/001/SRR7641561/SRR7641561_2.fastq.gz		ftp.sra.ebi.ac.uk/vol1/srr/SRR764/001/SRR7641561	TLA-3802	Lck-cre	
SRR7641563	SAMN09755509	SRX4505084	PRJNA483560	10090	Mus musculus	ftp.sra.ebi.ac.uk/vol1/fastq/SRR764/003/SRR7641563/SRR7641563_1.fastq.gz;ftp.sra.ebi.ac.uk/vol1/fastq/SRR764/003/SRR7641563/SRR7641563_2.fastq.gz		ftp.sra.ebi.ac.uk/vol1/srr/SRR764/003/SRR7641563	TLA-3574	Alb-cre	
SRR7641566	SAMN09755512	SRX4505081	PRJNA483560	10090	Mus musculus	ftp.sra.ebi.ac.uk/vol1/fastq/SRR764/006/SRR7641566/SRR7641566_1.fastq.gz;ftp.sra.ebi.ac.uk/vol1/fastq/SRR764/006/SRR7641566/SRR7641566_2.fastq.gz		ftp.sra.ebi.ac.uk/vol1/srr/SRR764/006/SRR7641566	TLA-4128	Tek-Cre	
SRR7641570	SAMN09755540	SRX4505077	PRJNA483560	10090	Mus musculus	ftp.sra.ebi.ac.uk/vol1/fastq/SRR764/000/SRR7641570/SRR7641570_1.fastq.gz;ftp.sra.ebi.ac.uk/vol1/fastq/SRR764/000/SRR7641570/SRR7641570_2.fastq.gz		ftp.sra.ebi.ac.uk/vol1/srr/SRR764/000/SRR7641570	TLA-14565	hFCGRT	
SRR7641574	SAMN09755527	SRX4505073	PRJNA483560	10090	Mus musculus	ftp.sra.ebi.ac.uk/vol1/fastq/SRR764/004/SRR7641574/SRR7641574_1.fastq.gz;ftp.sra.ebi.ac.uk/vol1/fastq/SRR764/004/SRR7641574/SRR7641574_2.fastq.gz		ftp.sra.ebi.ac.uk/vol1/srr/SRR764/004/SRR7641574	TLA-8169	Prnp-MAPT*P301S	
SRR7641578	SAMN09755525	SRX4505069	PRJNA483560	10090	Mus musculus	ftp.sra.ebi.ac.uk/vol1/fastq/SRR764/008/SRR7641578/SRR7641578_1.fastq.gz;ftp.sra.ebi.ac.uk/vol1/fastq/SRR764/008/SRR7641578/SRR7641578_2.fastq.gz		ftp.sra.ebi.ac.uk/vol1/srr/SRR764/008/SRR7641578	TLA-7004	Camk2a-tTA	
SRR7641579	SAMN09755520	SRX4505068	PRJNA483560	10090	Mus musculus	ftp.sra.ebi.ac.uk/vol1/fastq/SRR764/009/SRR7641579/SRR7641579_1.fastq.gz;ftp.sra.ebi.ac.uk/vol1/fastq/SRR764/009/SRR7641579/SRR7641579_2.fastq.gz		ftp.sra.ebi.ac.uk/vol1/srr/SRR764/009/SRR7641579	TLA-5491	MAPT	
SRR7641582	SAMN09755522	SRX4505065	PRJNA483560	10090	Mus musculus	ftp.sra.ebi.ac.uk/vol1/fastq/SRR764/002/SRR7641582/SRR7641582_1.fastq.gz;ftp.sra.ebi.ac.uk/vol1/fastq/SRR764/002/SRR7641582/SRR7641582_2.fastq.gz		ftp.sra.ebi.ac.uk/vol1/srr/SRR764/002/SRR7641582	TLA-6293	PDGFB-APPSwInd	
SRR7641585	SAMN09755537	SRX4505062	PRJNA483560	10090	Mus musculus	ftp.sra.ebi.ac.uk/vol1/fastq/SRR764/005/SRR7641585/SRR7641585_1.fastq.gz;ftp.sra.ebi.ac.uk/vol1/fastq/SRR764/005/SRR7641585/SRR7641585_2.fastq.gz		ftp.sra.ebi.ac.uk/vol1/srr/SRR764/005/SRR7641585	TLA-12467	Lrrk2*G2019S	
SRR7641586	SAMN09755537	SRX4505061	PRJNA483560	10090	Mus musculus	ftp.sra.ebi.ac.uk/vol1/fastq/SRR764/006/SRR7641586/SRR7641586_1.fastq.gz;ftp.sra.ebi.ac.uk/vol1/fastq/SRR764/006/SRR7641586/SRR7641586_2.fastq.gz		ftp.sra.ebi.ac.uk/vol1/srr/SRR764/006/SRR7641586	TLA-12467	Lrrk2*G2019S	
SRR7641587	SAMN09755536	SRX4505060	PRJNA483560	10090	Mus musculus	ftp.sra.ebi.ac.uk/vol1/fastq/SRR764/007/SRR7641587/SRR7641587_1.fastq.gz;ftp.sra.ebi.ac.uk/vol1/fastq/SRR764/007/SRR7641587/SRR7641587_2.fastq.gz		ftp.sra.ebi.ac.uk/vol1/srr/SRR764/007/SRR7641587	TLA-9617	NSG-HLA-A2.1	
SRR7641591	SAMN09755545	SRX4505056	PRJNA483560	10090	Mus musculus	ftp.sra.ebi.ac.uk/vol1/fastq/SRR764/001/SRR7641591/SRR7641591_1.fastq.gz;ftp.sra.ebi.ac.uk/vol1/fastq/SRR764/001/SRR7641591/SRR7641591_2.fastq.gz		ftp.sra.ebi.ac.uk/vol1/srr/SRR764/001/SRR7641591	TLA-18785	LRRK2*G2019S	
SRR7641593	SAMN09755545	SRX4505054	PRJNA483560	10090	Mus musculus	ftp.sra.ebi.ac.uk/vol1/fastq/SRR764/003/SRR7641593/SRR7641593_1.fastq.gz;ftp.sra.ebi.ac.uk/vol1/fastq/SRR764/003/SRR7641593/SRR7641593_2.fastq.gz		ftp.sra.ebi.ac.uk/vol1/srr/SRR764/003/SRR7641593	TLA-18785	LRRK2*G2019S	
SRR7641604	SAMN09755540	SRX4505043	PRJNA483560	10090	Mus musculus	ftp.sra.ebi.ac.uk/vol1/fastq/SRR764/004/SRR7641604/SRR7641604_1.fastq.gz;ftp.sra.ebi.ac.uk/vol1/fastq/SRR764/004/SRR7641604/SRR7641604_2.fastq.gz		ftp.sra.ebi.ac.uk/vol1/srr/SRR764/004/SRR7641604	TLA-14565	hFCGRT	
SRR7641536	SAMN09755520	SRX4505111	PRJNA483560	10090	Mus musculus	ftp.sra.ebi.ac.uk/vol1/fastq/SRR764/006/SRR7641536/SRR7641536_1.fastq.gz;ftp.sra.ebi.ac.uk/vol1/fastq/SRR764/006/SRR7641536/SRR7641536_2.fastq.gz		ftp.sra.ebi.ac.uk/vol1/srr/SRR764/006/SRR7641536	TLA-5491	MAPT	
SRR7641537	SAMN09755520	SRX4505110	PRJNA483560	10090	Mus musculus	ftp.sra.ebi.ac.uk/vol1/fastq/SRR764/007/SRR7641537/SRR7641537_1.fastq.gz;ftp.sra.ebi.ac.uk/vol1/fastq/SRR764/007/SRR7641537/SRR7641537_2.fastq.gz		ftp.sra.ebi.ac.uk/vol1/srr/SRR764/007/SRR7641537	TLA-5491	MAPT	
SRR7641539	SAMN09755517	SRX4505108	PRJNA483560	10090	Mus musculus	ftp.sra.ebi.ac.uk/vol1/fastq/SRR764/009/SRR7641539/SRR7641539_1.fastq.gz;ftp.sra.ebi.ac.uk/vol1/fastq/SRR764/009/SRR7641539/SRR7641539_2.fastq.gz		ftp.sra.ebi.ac.uk/vol1/srr/SRR764/009/SRR7641539	TLA-4631	GFAP-APOE_i4	
SRR7641540	SAMN09755516	SRX4505107	PRJNA483560	10090	Mus musculus	ftp.sra.ebi.ac.uk/vol1/fastq/SRR764/000/SRR7641540/SRR7641540_1.fastq.gz;ftp.sra.ebi.ac.uk/vol1/fastq/SRR764/000/SRR7641540/SRR7641540_2.fastq.gz		ftp.sra.ebi.ac.uk/vol1/srr/SRR764/000/SRR7641540	TLA-4586	Vil1-Cre	
SRR7641551	SAMN09755532	SRX4505096	PRJNA483560	10090	Mus musculus	ftp.sra.ebi.ac.uk/vol1/fastq/SRR764/001/SRR7641551/SRR7641551_1.fastq.gz;ftp.sra.ebi.ac.uk/vol1/fastq/SRR764/001/SRR7641551/SRR7641551_2.fastq.gz		ftp.sra.ebi.ac.uk/vol1/srr/SRR764/001/SRR7641551	TLA-8610	Vav1-iCre	
SRR7641552	SAMN09755531	SRX4505095	PRJNA483560	10090	Mus musculus	ftp.sra.ebi.ac.uk/vol1/fastq/SRR764/002/SRR7641552/SRR7641552_1.fastq.gz;ftp.sra.ebi.ac.uk/vol1/fastq/SRR764/002/SRR7641552/SRR7641552_2.fastq.gz		ftp.sra.ebi.ac.uk/vol1/srr/SRR764/002/SRR7641552	TLA-8601	Th-Cre	
SRR7641538	SAMN09755539	SRX4505109	PRJNA483560	10090	Mus musculus	ftp.sra.ebi.ac.uk/vol1/fastq/SRR764/008/SRR7641538/SRR7641538_1.fastq.gz;ftp.sra.ebi.ac.uk/vol1/fastq/SRR764/008/SRR7641538/SRR7641538_2.fastq.gz		ftp.sra.ebi.ac.uk/vol1/srr/SRR764/008/SRR7641538	TLA-14094	Sox2-Cre	
SRR7641555	SAMN09755534	SRX4505092	PRJNA483560	10090	Mus musculus	ftp.sra.ebi.ac.uk/vol1/fastq/SRR764/005/SRR7641555/SRR7641555_1.fastq.gz;ftp.sra.ebi.ac.uk/vol1/fastq/SRR764/005/SRR7641555/SRR7641555_2.fastq.gz		ftp.sra.ebi.ac.uk/vol1/srr/SRR764/005/SRR7641555	TLA-9107	Wnt1-Cre	
SRR7641542	SAMN09755518	SRX4505105	PRJNA483560	10090	Mus musculus	ftp.sra.ebi.ac.uk/vol1/fastq/SRR764/002/SRR7641542/SRR7641542_1.fastq.gz;ftp.sra.ebi.ac.uk/vol1/fastq/SRR764/002/SRR7641542/SRR7641542_2.fastq.gz		ftp.sra.ebi.ac.uk/vol1/srr/SRR764/002/SRR7641542	TLA-4807	3XTg-AD	
SRR7641560	SAMN09755514	SRX4505087	PRJNA483560	10090	Mus musculus	ftp.sra.ebi.ac.uk/vol1/fastq/SRR764/000/SRR7641560/SRR7641560_1.fastq.gz;ftp.sra.ebi.ac.uk/vol1/fastq/SRR764/000/SRR7641560/SRR7641560_2.fastq.gz		ftp.sra.ebi.ac.uk/vol1/srr/SRR764/000/SRR7641560	TLA-4479	Prnp-SNCA*A53T (line 83)	
SRR7641545	SAMN09755520	SRX4505102	PRJNA483560	10090	Mus musculus	ftp.sra.ebi.ac.uk/vol1/fastq/SRR764/005/SRR7641545/SRR7641545_1.fastq.gz;ftp.sra.ebi.ac.uk/vol1/fastq/SRR764/005/SRR7641545/SRR7641545_2.fastq.gz		ftp.sra.ebi.ac.uk/vol1/srr/SRR764/005/SRR7641545	TLA-5491	MAPT	
SRR7641562	SAMN09755510	SRX4505085	PRJNA483560	10090	Mus musculus	ftp.sra.ebi.ac.uk/vol1/fastq/SRR764/002/SRR7641562/SRR7641562_1.fastq.gz;ftp.sra.ebi.ac.uk/vol1/fastq/SRR764/002/SRR7641562/SRR7641562_2.fastq.gz		ftp.sra.ebi.ac.uk/vol1/srr/SRR764/002/SRR7641562	TLA-3771	Nes-cre	
SRR7641564	SAMN09755508	SRX4505083	PRJNA483560	10090	Mus musculus	ftp.sra.ebi.ac.uk/vol1/fastq/SRR764/004/SRR7641564/SRR7641564_1.fastq.gz;ftp.sra.ebi.ac.uk/vol1/fastq/SRR764/004/SRR7641564/SRR7641564_2.fastq.gz		ftp.sra.ebi.ac.uk/vol1/srr/SRR764/004/SRR7641564	TLA-3573	Ins2-cre	
SRR7641547	SAMN09755529	SRX4505100	PRJNA483560	10090	Mus musculus	ftp.sra.ebi.ac.uk/vol1/fastq/SRR764/007/SRR7641547/SRR7641547_1.fastq.gz;ftp.sra.ebi.ac.uk/vol1/fastq/SRR764/007/SRR7641547/SRR7641547_2.fastq.gz		ftp.sra.ebi.ac.uk/vol1/srr/SRR764/007/SRR7641547	TLA-8538	Cspg4-cre/Esr1	
SRR7641568	SAMN09755511	SRX4505079	PRJNA483560	10090	Mus musculus	ftp.sra.ebi.ac.uk/vol1/fastq/SRR764/008/SRR7641568/SRR7641568_1.fastq.gz;ftp.sra.ebi.ac.uk/vol1/fastq/SRR764/008/SRR7641568/SRR7641568_2.fastq.gz		ftp.sra.ebi.ac.uk/vol1/srr/SRR764/008/SRR7641568	TLA-3802	Lck-cre	
SRR7641550	SAMN09755528	SRX4505097	PRJNA483560	10090	Mus musculus	ftp.sra.ebi.ac.uk/vol1/fastq/SRR764/000/SRR7641550/SRR7641550_1.fastq.gz;ftp.sra.ebi.ac.uk/vol1/fastq/SRR764/000/SRR7641550/SRR7641550_2.fastq.gz		ftp.sra.ebi.ac.uk/vol1/srr/SRR764/000/SRR7641550	TLA-8533	Cspg4-cre	
SRR7641571	SAMN09755546	SRX4505076	PRJNA483560	10090	Mus musculus	ftp.sra.ebi.ac.uk/vol1/fastq/SRR764/001/SRR7641571/SRR7641571_1.fastq.gz;ftp.sra.ebi.ac.uk/vol1/fastq/SRR764/001/SRR7641571/SRR7641571_2.fastq.gz		ftp.sra.ebi.ac.uk/vol1/srr/SRR764/001/SRR7641571	TLA-18786	LRRK2*R1441G	
SRR7641554	SAMN09755530	SRX4505093	PRJNA483560	10090	Mus musculus	ftp.sra.ebi.ac.uk/vol1/fastq/SRR764/004/SRR7641554/SRR7641554_1.fastq.gz;ftp.sra.ebi.ac.uk/vol1/fastq/SRR764/004/SRR7641554/SRR7641554_2.fastq.gz		ftp.sra.ebi.ac.uk/vol1/srr/SRR764/004/SRR7641554	TLA-8586	FXN*500GAA	
SRR7641572	SAMN09755546	SRX4505075	PRJNA483560	10090	Mus musculus	ftp.sra.ebi.ac.uk/vol1/fastq/SRR764/002/SRR7641572/SRR7641572_1.fastq.gz;ftp.sra.ebi.ac.uk/vol1/fastq/SRR764/002/SRR7641572/SRR7641572_2.fastq.gz		ftp.sra.ebi.ac.uk/vol1/srr/SRR764/002/SRR7641572	TLA-18786	LRRK2*R1441G	
SRR7641556	SAMN09755533	SRX4505091	PRJNA483560	10090	Mus musculus	ftp.sra.ebi.ac.uk/vol1/fastq/SRR764/006/SRR7641556/SRR7641556_1.fastq.gz;ftp.sra.ebi.ac.uk/vol1/fastq/SRR764/006/SRR7641556/SRR7641556_2.fastq.gz		ftp.sra.ebi.ac.uk/vol1/srr/SRR764/006/SRR7641556	TLA-8730	5XFAD	
SRR7641580	SAMN09755520	SRX4505067	PRJNA483560	10090	Mus musculus	ftp.sra.ebi.ac.uk/vol1/fastq/SRR764/000/SRR7641580/SRR7641580_1.fastq.gz;ftp.sra.ebi.ac.uk/vol1/fastq/SRR764/000/SRR7641580/SRR7641580_2.fastq.gz		ftp.sra.ebi.ac.uk/vol1/srr/SRR764/000/SRR7641580	TLA-5491	MAPT	
SRR7641581	SAMN09755521	SRX4505066	PRJNA483560	10090	Mus musculus	ftp.sra.ebi.ac.uk/vol1/fastq/SRR764/001/SRR7641581/SRR7641581_1.fastq.gz;ftp.sra.ebi.ac.uk/vol1/fastq/SRR764/001/SRR7641581/SRR7641581_2.fastq.gz		ftp.sra.ebi.ac.uk/vol1/srr/SRR764/001/SRR7641581	TLA-5864	APPswe,PSEN1dE9	
SRR7641559	SAMN09755515	SRX4505088	PRJNA483560	10090	Mus musculus	ftp.sra.ebi.ac.uk/vol1/fastq/SRR764/009/SRR7641559/SRR7641559_1.fastq.gz;ftp.sra.ebi.ac.uk/vol1/fastq/SRR764/009/SRR7641559/SRR7641559_2.fastq.gz		ftp.sra.ebi.ac.uk/vol1/srr/SRR764/009/SRR7641559	TLA-4509	Itgax-DTR/EGFP	
SRR7641584	SAMN09755537	SRX4505063	PRJNA483560	10090	Mus musculus	ftp.sra.ebi.ac.uk/vol1/fastq/SRR764/004/SRR7641584/SRR7641584_1.fastq.gz;ftp.sra.ebi.ac.uk/vol1/fastq/SRR764/004/SRR7641584/SRR7641584_2.fastq.gz		ftp.sra.ebi.ac.uk/vol1/srr/SRR764/004/SRR7641584	TLA-12467	Lrrk2*G2019S	
SRR7641592	SAMN09755545	SRX4505055	PRJNA483560	10090	Mus musculus	ftp.sra.ebi.ac.uk/vol1/fastq/SRR764/002/SRR7641592/SRR7641592_1.fastq.gz;ftp.sra.ebi.ac.uk/vol1/fastq/SRR764/002/SRR7641592/SRR7641592_2.fastq.gz		ftp.sra.ebi.ac.uk/vol1/srr/SRR764/002/SRR7641592	TLA-18785	LRRK2*G2019S	
SRR7641565	SAMN09755513	SRX4505082	PRJNA483560	10090	Mus musculus	ftp.sra.ebi.ac.uk/vol1/fastq/SRR764/005/SRR7641565/SRR7641565_1.fastq.gz;ftp.sra.ebi.ac.uk/vol1/fastq/SRR764/005/SRR7641565/SRR7641565_2.fastq.gz		ftp.sra.ebi.ac.uk/vol1/srr/SRR764/005/SRR7641565	TLA-4191	HLA-A/H2-D	
SRR7641594	SAMN09755545	SRX4505053	PRJNA483560	10090	Mus musculus	ftp.sra.ebi.ac.uk/vol1/fastq/SRR764/004/SRR7641594/SRR7641594_1.fastq.gz;ftp.sra.ebi.ac.uk/vol1/fastq/SRR764/004/SRR7641594/SRR7641594_2.fastq.gz		ftp.sra.ebi.ac.uk/vol1/srr/SRR764/004/SRR7641594	TLA-18785	LRRK2*G2019S	
SRR7641567	SAMN09755511	SRX4505080	PRJNA483560	10090	Mus musculus	ftp.sra.ebi.ac.uk/vol1/fastq/SRR764/007/SRR7641567/SRR7641567_1.fastq.gz;ftp.sra.ebi.ac.uk/vol1/fastq/SRR764/007/SRR7641567/SRR7641567_2.fastq.gz		ftp.sra.ebi.ac.uk/vol1/srr/SRR764/007/SRR7641567	TLA-3802	Lck-cre	
SRR7641596	SAMN09755546	SRX4505051	PRJNA483560	10090	Mus musculus	ftp.sra.ebi.ac.uk/vol1/fastq/SRR764/006/SRR7641596/SRR7641596_1.fastq.gz;ftp.sra.ebi.ac.uk/vol1/fastq/SRR764/006/SRR7641596/SRR7641596_2.fastq.gz		ftp.sra.ebi.ac.uk/vol1/srr/SRR764/006/SRR7641596	TLA-18786	LRRK2*R1441G	
SRR7641569	SAMN09755547	SRX4505078	PRJNA483560	10090	Mus musculus	ftp.sra.ebi.ac.uk/vol1/fastq/SRR764/009/SRR7641569/SRR7641569_1.fastq.gz;ftp.sra.ebi.ac.uk/vol1/fastq/SRR764/009/SRR7641569/SRR7641569_2.fastq.gz		ftp.sra.ebi.ac.uk/vol1/srr/SRR764/009/SRR7641569	TLA-22501	Wnt1-Cre(2)	
SRR7641598	SAMN09755538	SRX4505049	PRJNA483560	10090	Mus musculus	ftp.sra.ebi.ac.uk/vol1/fastq/SRR764/008/SRR7641598/SRR7641598_1.fastq.gz;ftp.sra.ebi.ac.uk/vol1/fastq/SRR764/008/SRR7641598/SRR7641598_2.fastq.gz		ftp.sra.ebi.ac.uk/vol1/srr/SRR764/008/SRR7641598	TLA-13725	LRRK2	
SRR7641573	SAMN09755526	SRX4505074	PRJNA483560	10090	Mus musculus	ftp.sra.ebi.ac.uk/vol1/fastq/SRR764/003/SRR7641573/SRR7641573_1.fastq.gz;ftp.sra.ebi.ac.uk/vol1/fastq/SRR764/003/SRR7641573/SRR7641573_2.fastq.gz		ftp.sra.ebi.ac.uk/vol1/srr/SRR764/003/SRR7641573	TLA-8085	UBC-cre/ERT2	
SRR7641599	SAMN09755543	SRX4505048	PRJNA483560	10090	Mus musculus	ftp.sra.ebi.ac.uk/vol1/fastq/SRR764/009/SRR7641599/SRR7641599_1.fastq.gz;ftp.sra.ebi.ac.uk/vol1/fastq/SRR764/009/SRR7641599/SRR7641599_2.fastq.gz		ftp.sra.ebi.ac.uk/vol1/srr/SRR764/009/SRR7641599	TLA-17682	Thy1-SCNA (line 15)	
SRR7641575	SAMN09755523	SRX4505072	PRJNA483560	10090	Mus musculus	ftp.sra.ebi.ac.uk/vol1/fastq/SRR764/005/SRR7641575/SRR7641575_1.fastq.gz;ftp.sra.ebi.ac.uk/vol1/fastq/SRR764/005/SRR7641575/SRR7641575_2.fastq.gz		ftp.sra.ebi.ac.uk/vol1/srr/SRR764/005/SRR7641575	TLA-6823	Prnp-SCNA*A53T (line 23)	
SRR7641600	SAMN09755542	SRX4505047	PRJNA483560	10090	Mus musculus	ftp.sra.ebi.ac.uk/vol1/fastq/SRR764/000/SRR7641600/SRR7641600_1.fastq.gz;ftp.sra.ebi.ac.uk/vol1/fastq/SRR764/000/SRR7641600/SRR7641600_2.fastq.gz		ftp.sra.ebi.ac.uk/vol1/srr/SRR764/000/SRR7641600	TLA-16936	Thy1-SCNA (line 12)	
SRR7641576	SAMN09755523	SRX4505071	PRJNA483560	10090	Mus musculus	ftp.sra.ebi.ac.uk/vol1/fastq/SRR764/006/SRR7641576/SRR7641576_1.fastq.gz;ftp.sra.ebi.ac.uk/vol1/fastq/SRR764/006/SRR7641576/SRR7641576_2.fastq.gz		ftp.sra.ebi.ac.uk/vol1/srr/SRR764/006/SRR7641576	TLA-6823	Prnp-SCNA*A53T (line 23)	
SRR7641602	SAMN09755544	SRX4505045	PRJNA483560	10090	Mus musculus	ftp.sra.ebi.ac.uk/vol1/fastq/SRR764/002/SRR7641602/SRR7641602_1.fastq.gz;ftp.sra.ebi.ac.uk/vol1/fastq/SRR764/002/SRR7641602/SRR7641602_2.fastq.gz		ftp.sra.ebi.ac.uk/vol1/srr/SRR764/002/SRR7641602	TLA-18442	SNCA	
SRR7641577	SAMN09755524	SRX4505070	PRJNA483560	10090	Mus musculus	ftp.sra.ebi.ac.uk/vol1/fastq/SRR764/007/SRR7641577/SRR7641577_1.fastq.gz;ftp.sra.ebi.ac.uk/vol1/fastq/SRR764/007/SRR7641577/SRR7641577_2.fastq.gz		ftp.sra.ebi.ac.uk/vol1/srr/SRR764/007/SRR7641577	TLA-6954	Ddx4-cre	
SRR7641603	SAMN09755541	SRX4505044	PRJNA483560	10090	Mus musculus	ftp.sra.ebi.ac.uk/vol1/fastq/SRR764/003/SRR7641603/SRR7641603_1.fastq.gz;ftp.sra.ebi.ac.uk/vol1/fastq/SRR764/003/SRR7641603/SRR7641603_2.fastq.gz		ftp.sra.ebi.ac.uk/vol1/srr/SRR764/003/SRR7641603	TLA-15815	tetO-MAPT*P301L	
SRR7641583	SAMN09755537	SRX4505064	PRJNA483560	10090	Mus musculus	ftp.sra.ebi.ac.uk/vol1/fastq/SRR764/003/SRR7641583/SRR7641583_1.fastq.gz;ftp.sra.ebi.ac.uk/vol1/fastq/SRR764/003/SRR7641583/SRR7641583_2.fastq.gz		ftp.sra.ebi.ac.uk/vol1/srr/SRR764/003/SRR7641583	TLA-12467	Lrrk2*G2019S	
SRR7641588	SAMN09755536	SRX4505059	PRJNA483560	10090	Mus musculus	ftp.sra.ebi.ac.uk/vol1/fastq/SRR764/008/SRR7641588/SRR7641588_1.fastq.gz;ftp.sra.ebi.ac.uk/vol1/fastq/SRR764/008/SRR7641588/SRR7641588_2.fastq.gz		ftp.sra.ebi.ac.uk/vol1/srr/SRR764/008/SRR7641588	TLA-9617	NSG-HLA-A2.1	
SRR7641589	SAMN09755535	SRX4505058	PRJNA483560	10090	Mus musculus	ftp.sra.ebi.ac.uk/vol1/fastq/SRR764/009/SRR7641589/SRR7641589_1.fastq.gz;ftp.sra.ebi.ac.uk/vol1/fastq/SRR764/009/SRR7641589/SRR7641589_2.fastq.gz		ftp.sra.ebi.ac.uk/vol1/srr/SRR764/009/SRR7641589	TLA-9604	LRRK2*R1441G	
SRR7641590	SAMN09755535	SRX4505057	PRJNA483560	10090	Mus musculus	ftp.sra.ebi.ac.uk/vol1/fastq/SRR764/000/SRR7641590/SRR7641590_1.fastq.gz;ftp.sra.ebi.ac.uk/vol1/fastq/SRR764/000/SRR7641590/SRR7641590_2.fastq.gz		ftp.sra.ebi.ac.uk/vol1/srr/SRR764/000/SRR7641590	TLA-9604	LRRK2*R1441G	
SRR7641595	SAMN09755546	SRX4505052	PRJNA483560	10090	Mus musculus	ftp.sra.ebi.ac.uk/vol1/fastq/SRR764/005/SRR7641595/SRR7641595_1.fastq.gz;ftp.sra.ebi.ac.uk/vol1/fastq/SRR764/005/SRR7641595/SRR7641595_2.fastq.gz		ftp.sra.ebi.ac.uk/vol1/srr/SRR764/005/SRR7641595	TLA-18786	LRRK2*R1441G	
SRR7641597	SAMN09755538	SRX4505050	PRJNA483560	10090	Mus musculus	ftp.sra.ebi.ac.uk/vol1/fastq/SRR764/007/SRR7641597/SRR7641597_1.fastq.gz;ftp.sra.ebi.ac.uk/vol1/fastq/SRR764/007/SRR7641597/SRR7641597_2.fastq.gz		ftp.sra.ebi.ac.uk/vol1/srr/SRR764/007/SRR7641597	TLA-13725	LRRK2	
SRR7641601	SAMN09755544	SRX4505046	PRJNA483560	10090	Mus musculus	ftp.sra.ebi.ac.uk/vol1/fastq/SRR764/001/SRR7641601/SRR7641601_1.fastq.gz;ftp.sra.ebi.ac.uk/vol1/fastq/SRR764/001/SRR7641601/SRR7641601_2.fastq.gz		ftp.sra.ebi.ac.uk/vol1/srr/SRR764/001/SRR7641601	TLA-18442	SNCA	
